,S.N.,Symbol,Transaction No.,Buyer Broker,Sell Broker,Share Quantity,Rate (Rs),Amount (in Rs),Traded Date
0,1,BHPL,2026052705000065,7,60,10.0,521.1,5211.0,2026-05-27
1,2,BHPL,2026052705000124,34,45,10.0,535.0,5350.0,2026-05-27
2,3,BHPL,2026052705000233,58,60,10.0,526.0,5260.0,2026-05-27
3,4,BHPL,2026052705000326,58,59,20.0,526.1,10522.0,2026-05-27
4,5,BHPL,2026052705001402,58,59,20.0,527.2,10544.0,2026-05-27
5,6,BHPL,2026052705001403,58,59,500.0,527.1,263550.0,2026-05-27
6,7,BHPL,2026052705001404,32,59,80.0,527.0,42160.0,2026-05-27
7,8,BHPL,2026052705001513,58,62,80.0,527.1,42168.0,2026-05-27
8,9,BHPL,2026052705001514,32,62,120.0,527.0,63240.0,2026-05-27
9,10,BHPL,2026052705001542,32,80,10.0,527.0,5270.0,2026-05-27
10,11,BHPL,2026052705001889,32,7,80.0,527.0,42160.0,2026-05-27
11,12,BHPL,2026052705001969,32,43,210.0,527.0,110670.0,2026-05-27
12,13,BHPL,2026052705001970,58,43,100.0,527.0,52700.0,2026-05-27
13,14,BHPL,2026052705001971,58,43,10.0,527.0,5270.0,2026-05-27
14,15,BHPL,2026052705001979,8,43,10.0,527.0,5270.0,2026-05-27
15,16,BHPL,2026052705001980,74,43,150.0,526.2,78930.0,2026-05-27
16,17,BHPL,2026052705003399,49,43,10.0,529.9,5299.0,2026-05-27
17,18,BHPL,2026052705003570,58,43,50.0,526.4,26320.0,2026-05-27
18,19,BHPL,2026052705003571,56,43,250.0,526.3,131575.0,2026-05-27
19,20,BHPL,2026052705003585,49,43,20.0,526.2,10524.0,2026-05-27
20,21,BHPL,2026052705003586,32,43,100.0,526.0,52600.0,2026-05-27
21,22,BHPL,2026052705003587,58,43,530.0,525.1,278303.0,2026-05-27
22,23,BHPL,2026052705003588,49,43,150.0,525.0,78750.0,2026-05-27
23,24,BHPL,2026052705003589,58,43,500.0,525.0,262500.0,2026-05-27
24,25,BHPL,2026052705004996,82,43,20.0,528.9,10578.0,2026-05-27
25,26,BHPL,2026052705005007,34,43,170.0,528.9,89913.0,2026-05-27
26,27,BHPL,2026052705005034,34,58,330.0,529.0,174570.0,2026-05-27
27,28,BHPL,2026052705005265,34,44,10.0,530.0,5300.0,2026-05-27
28,29,BHPL,2026052705005266,34,80,490.0,530.0,259700.0,2026-05-27
29,30,BHPL,2026052705005275,58,80,167.0,530.0,88510.0,2026-05-27
30,31,BHPL,2026052705005501,45,43,250.0,531.7,132925.0,2026-05-27
31,32,BHPL,2026052705005502,45,26,421.0,531.8,223887.8,2026-05-27
32,33,BHPL,2026052705005503,45,65,329.0,532.0,175028.0,2026-05-27
33,34,BHPL,2026052705005732,49,65,135.0,532.0,71820.0,2026-05-27
34,35,BHPL,2026052705006696,45,65,476.0,532.0,253232.0,2026-05-27
35,36,BHPL,2026052705006697,45,35,46.0,532.0,24472.0,2026-05-27
36,37,BHPL,2026052705006698,45,62,15.0,532.0,7980.0,2026-05-27
37,38,BHPL,2026052705006830,51,48,100.0,533.0,53300.0,2026-05-27
38,39,BHPL,2026052705006910,41,48,400.0,533.0,213200.0,2026-05-27
39,40,BHPL,2026052705006911,41,58,550.0,533.0,293150.0,2026-05-27
40,41,BHPL,2026052705006938,41,52,300.0,534.0,160200.0,2026-05-27
41,42,BHPL,2026052705007079,41,48,100.0,534.8,53480.0,2026-05-27
42,43,BHPL,2026052705007080,41,33,153.0,535.0,81855.0,2026-05-27
43,44,BHPL,2026052705007081,41,60,2000.0,535.0,1070000.0,2026-05-27
44,45,BHPL,2026052705007138,57,89,81.0,531.0,43011.0,2026-05-27
45,46,BHPL,2026052705007186,45,39,200.0,532.0,106400.0,2026-05-27
46,47,BHPL,2026052705007208,45,39,80.0,531.1,42488.0,2026-05-27
47,48,BHPL,2026052705007320,95,16,150.0,536.6,80490.0,2026-05-27
48,49,BHPL,2026052705007348,34,58,10.0,540.0,5400.0,2026-05-27
49,50,BHPL,2026052705007488,57,58,15.0,540.0,8100.0,2026-05-27
50,51,BHPL,2026052705008295,42,35,10.0,535.0,5350.0,2026-05-27
51,52,BHPL,2026052705008335,34,57,10.0,539.5,5395.0,2026-05-27
52,53,BHPL,2026052705008458,42,34,40.0,535.0,21400.0,2026-05-27
53,54,BHPL,2026052705008459,41,34,100.0,535.0,53500.0,2026-05-27
54,55,BHPL,2026052705008470,35,6,350.0,533.1,186585.0,2026-05-27
55,56,BHPL,2026052705008565,64,34,30.0,538.8,16164.0,2026-05-27
56,57,BHPL,2026052705008598,35,6,150.0,533.1,79965.0,2026-05-27
57,58,BHPL,2026052705008604,70,6,200.0,533.0,106600.0,2026-05-27
58,59,BHPL,2026052705008779,70,39,31.0,538.7,16699.7,2026-05-27
59,60,BHPL,2026052705009234,70,44,100.0,534.3,53430.0,2026-05-27
60,61,BHPL,2026052705009328,35,44,200.0,537.0,107400.0,2026-05-27
61,62,BHPL,2026052705009329,35,34,45.0,538.0,24210.0,2026-05-27
62,63,BHPL,2026052705009791,70,6,100.0,534.2,53420.0,2026-05-27
63,64,BHPL,2026052705009820,70,6,100.0,534.1,53410.0,2026-05-27
64,65,BHPL,2026052705009947,95,6,300.0,534.1,160230.0,2026-05-27
65,66,BHPL,2026052705010044,95,58,160.0,536.0,85760.0,2026-05-27
66,67,BHPL,2026052705010194,57,42,10.0,534.0,5340.0,2026-05-27
67,68,BHPL,2026052705010257,56,57,61.0,532.0,32452.0,2026-05-27
68,69,BHPL,2026052705010780,51,42,90.0,534.0,48060.0,2026-05-27
69,70,BHPL,2026052705011247,70,6,200.0,532.2,106440.0,2026-05-27
70,71,BHPL,2026052705011248,70,6,20.0,532.1,10642.0,2026-05-27
71,72,BHPL,2026052705011288,64,34,30.0,533.9,16017.0,2026-05-27
72,73,BHPL,2026052705011414,70,58,80.0,532.1,42568.0,2026-05-27
73,74,BHPL,2026052705011415,70,58,20.0,532.1,10642.0,2026-05-27
74,75,BHPL,2026052705011455,70,58,100.0,532.1,53210.0,2026-05-27
75,76,BHPL,2026052705011496,34,34,10.0,533.9,5339.0,2026-05-27
76,77,BHPL,2026052705012273,70,34,160.0,533.9,85424.0,2026-05-27
77,78,BHPL,2026052705012274,70,4,200.0,533.9,106780.0,2026-05-27
78,79,BHPL,2026052705012611,58,17,116.0,532.4,61758.4,2026-05-27
79,80,BHPL,2026052705012724,56,17,184.0,532.4,97961.6,2026-05-27
80,81,BHPL,2026052705012969,34,80,100.0,533.0,53300.0,2026-05-27
81,82,BHPL,2026052705012970,70,80,100.0,532.3,53230.0,2026-05-27
82,83,BHPL,2026052705013590,70,8,200.0,532.3,106460.0,2026-05-27
83,84,BHPL,2026052705013655,70,58,10.0,532.1,5321.0,2026-05-27
84,85,BHPL,2026052705013782,34,4,10.0,534.0,5340.0,2026-05-27
85,86,BHPL,2026052705013897,34,4,90.0,534.0,48060.0,2026-05-27
86,87,BHPL,2026052705013898,34,80,800.0,534.0,427200.0,2026-05-27
87,88,BHPL,2026052705013899,34,45,10.0,535.0,5350.0,2026-05-27
88,89,BHPL,2026052705013900,34,58,40.0,536.0,21440.0,2026-05-27
89,90,BHPL,2026052705013901,34,57,40.0,536.0,21440.0,2026-05-27
90,91,BHPL,2026052705013902,34,43,200.0,537.9,107580.0,2026-05-27
91,92,BHPL,2026052705013903,34,39,50.0,538.6,26930.0,2026-05-27
92,93,BHPL,2026052705013904,34,39,19.0,538.7,10235.3,2026-05-27
93,94,BHPL,2026052705013974,34,42,50.0,538.7,26935.0,2026-05-27
94,95,BHPL,2026052705013975,34,4,200.0,538.8,107760.0,2026-05-27
95,96,BHPL,2026052705013976,34,13,200.0,539.9,107980.0,2026-05-27
96,97,BHPL,2026052705013977,34,32,10.0,540.0,5400.0,2026-05-27
97,98,BHPL,2026052705014257,22,58,10.0,538.7,5387.0,2026-05-27
98,1,BFC,2026052703000152,88,88,10.0,463.9,4639.0,2026-05-27
99,2,BFC,2026052703000159,21,59,200.0,461.0,92200.0,2026-05-27
100,3,BFC,2026052703000239,21,44,50.0,461.0,23050.0,2026-05-27
101,4,BFC,2026052703000295,4,44,100.0,460.0,46000.0,2026-05-27
102,5,BFC,2026052703000296,49,44,350.0,458.0,160300.0,2026-05-27
103,6,BFC,2026052703000354,88,16,10.0,462.9,4629.0,2026-05-27
104,7,BFC,2026052703000671,16,22,110.0,462.0,50820.0,2026-05-27
105,8,BFC,2026052703001133,39,88,10.0,462.8,4628.0,2026-05-27
106,9,BFC,2026052703001149,39,58,10.0,462.9,4629.0,2026-05-27
107,10,BFC,2026052703001150,39,41,80.0,462.9,37032.0,2026-05-27
108,11,BFC,2026052703001629,49,16,150.0,458.0,68700.0,2026-05-27
109,12,BFC,2026052703001630,49,16,50.0,458.0,22900.0,2026-05-27
110,13,BFC,2026052703001631,56,16,300.0,458.0,137400.0,2026-05-27
111,14,BFC,2026052703001632,57,16,200.0,458.0,91600.0,2026-05-27
112,15,BFC,2026052703001640,58,16,10.0,458.0,4580.0,2026-05-27
113,16,BFC,2026052703001980,58,16,21.0,458.0,9618.0,2026-05-27
114,17,BFC,2026052703002198,44,16,250.0,458.0,114500.0,2026-05-27
115,18,BFC,2026052703002242,33,16,200.0,458.0,91600.0,2026-05-27
116,19,BFC,2026052703002321,21,16,200.0,458.0,91600.0,2026-05-27
117,20,BFC,2026052703002580,74,16,67.0,458.0,30686.0,2026-05-27
118,21,BFC,2026052703002581,74,58,33.0,458.0,15114.0,2026-05-27
119,22,BFC,2026052703002598,74,58,20.0,458.0,9160.0,2026-05-27
120,23,BFC,2026052703002617,74,58,15.0,458.0,6870.0,2026-05-27
121,24,BFC,2026052703002657,45,58,100.0,458.0,45800.0,2026-05-27
122,25,BFC,2026052703002831,22,58,32.0,458.0,14656.0,2026-05-27
123,26,BFC,2026052703002852,48,58,25.0,460.0,11500.0,2026-05-27
124,27,BFC,2026052703002853,48,50,74.0,460.0,34040.0,2026-05-27
125,28,BFC,2026052703002854,48,42,101.0,460.8,46540.8,2026-05-27
126,29,BFC,2026052703003211,34,41,100.0,460.0,46000.0,2026-05-27
127,30,BFC,2026052703003291,51,42,70.0,460.8,32256.0,2026-05-27
128,31,BFC,2026052703003481,58,53,310.0,460.1,142631.0,2026-05-27
129,32,BFC,2026052703003782,53,57,150.0,459.0,68850.0,2026-05-27
130,33,BFC,2026052703003860,53,38,26.0,459.0,11934.0,2026-05-27
131,34,BFC,2026052703003873,96,88,10.0,459.9,4599.0,2026-05-27
132,35,BFC,2026052703004142,96,41,10.0,459.1,4591.0,2026-05-27
133,36,BFC,2026052703004143,53,41,110.0,459.0,50490.0,2026-05-27
134,37,BFC,2026052703004439,74,53,30.0,459.2,13776.0,2026-05-27
135,38,BFC,2026052703004440,53,53,34.0,459.0,15606.0,2026-05-27
136,39,BFC,2026052703004441,74,53,50.0,459.0,22950.0,2026-05-27
137,40,BFC,2026052703004442,22,53,168.0,458.0,76944.0,2026-05-27
138,41,BFC,2026052703004443,19,53,15.0,458.0,6870.0,2026-05-27
139,42,BFC,2026052703004444,41,53,367.0,458.0,168086.0,2026-05-27
140,43,BFC,2026052703004445,29,53,200.0,457.2,91440.0,2026-05-27
141,44,BFC,2026052703004446,35,53,136.0,457.2,62179.2,2026-05-27
142,45,BFC,2026052703004633,88,38,10.0,459.5,4595.0,2026-05-27
143,46,BFC,2026052703005373,29,34,40.0,459.3,18372.0,2026-05-27
144,47,BFC,2026052703005374,29,57,460.0,459.4,211324.0,2026-05-27
